u,2,,,,,
v,2,,,,,
L,1,,,,,
b,4,,,,,
e,2000,,,,,
tipo,capa,posicion,w0,w1,w2,w3,w4
h,1,0,0.13226681840269536,0.07792659056699118,-0.06670937618109951,,
h,1,1,0.1759852285490998,0.043798637157251886,0.019228859663496026,,
h,1,2,0.1693653780322476,0.026483892886798376,-0.014952201172169235,,
h,1,3,0.13431066683268666,-0.10102555668726008,0.04169701586333763,,
o,2,0,0.102179833377865,0.10092792972237677,0.17861342187183968,0.0017744533352043942,-0.024798814805904686
o,2,1,-1.5696371349322704,-0.741057929372461,-0.8519057332360631,-0.8452111690315234,-0.7485486146545589
